Dublin Core:Title,Dublin Core:Relation
Wathen Mark Wilks Call,"8:304, 8:308"
Susanna Brewitt Chapman,"4:486, 8:52"
Samuel Evans,
Mary Sibree Cash,"2:343, 4:108, 4:437, 5:385, 6:361, 8:10, 8:10, 8:10, 8:11, 8:11, 8:12, 8:15, 8:467"
Harriet Poynton Evans,
Ethel Bertha Harrison,"5:263, 5:331, 5:341, 7:129, 7:151"
Elizabeth Rebecca [nee Brabant] Call,"2:475, 4:268, 8:308, 8:431"
Eleanor Cross,"7:256, 7:259, 7:260, 7:266, 7:273, 7:296, 7:336, 7:337"
Alice Helps,"5:398, 6:32, 6:35, 6:129, 6:149, 6:194, 7:310"
"Caroline ""Cara"" Hennell Bray","1:267, 1:284, 1:291, 1:295, 1:321, 1:329, 1:336, 1:341, 1:346, 1:363, 1:371, 1:373, 1:374, 1:376, 1:377, 2:3, 2:9, 2:10, 2:12, 2:15, 2:16, 2:20, 2:22, 2:23, 2:25, 2:27, 2:29, 2:31, 2:32, 2:34, 2:36, 2:41, 2:42, 2:51, 2:55, 2:58, 2:59, 2:60, 2:65, 2:66, 2:67, 2:68, 2:69, 2:74, 2:75, 2:81, 2:84, 2:87, 2:88, 2:89, 2:90, 2:92, 2:96, 2:97, 2:99, 2:100, 2:102, 2:103, 2:111, 2:114, 2:116, 2:117, 2:119, 2:129, 2:135, 2:149, 2:150, 2:155, 2:160, 2:162, 2:163, 2:166, 2:213, 2:217, 2:313, 2:338, 2:397, 2:443, 2:500, 3:19, 3:22, 3:29, 3:32, 3:37, 3:99, 3:122, 3:137, 3:170, 3:321, 3:344, 3:345, 3:436, 3:456, 4:7, 4:10, 4:32, 4:33, 4:87, 4:106, 4:107, 4:113, 4:120, 4:124, 4:136, 4:148, 4:182, 4:194, 4:197, 4:207, 4:267, 4:326, 4:355, 4:356, 4:374, 4:397, 4:404, 4:421, 4:438, 4:477, 4:490, 5:44, 5:46, 5:50, 5:52, 5:54, 5:60, 5:114, 5:136, 5:138, 5:169, 5:173, 5:197, 5:266, 5:383, 5:389, 5:394, 5:418, 5:432, 5:435, 5:443, 5:471, 6:18, 6:32, 6:52, 6:94, 6:95, 6:118, 6:220, 6:283, 6:319, 6:352, 6:425, 7:29, 7:37, 7:40, 7:61, 7:123, 7:189, 7:340, 8:199, 8:276, 8:308, 8:458, 9:153, 1:180, 1:184, 5:394, 5:395, 7:275, 7:299, 8:119, 8:248, 1:214, 1:223, 1:224, 1:225, 1:235, 1:236, 1:238, 1:240, 1:241, 1:244, 1:264, 1:268, 1:271, 1:281, 1:303, 1:308, 1:310, 1:316, 1:318, 1:320, 1:324, 1:357, 1:365, 1:367, 3:16, 3:26, 3:53, 3:68, 3:71, 3:87, 3:91, 3:96, 3:141, 3:229, 3:311, 3:316, 3:324, 3:328, 3:338, 3:359, 3:377, 3:382, 3:391, 3:405, 3:429, 3:433, 3:439, 3:445, 3:452, 3:469, 4:12, 4:49, 4:72, 4:75, 4:82, 4:89, 4:90, 4:93, 4:105, 4:109, 4:128, 4:135, 4:138, 4:144, 4:145, 4:147, 4:153, 4:173, 4:177, 4:180, 4:193, 4:206, 4:235, 4:269, 4:297, 4:360, 4:363, 4:371, 4:401, 4:424, 4:488, 9:102"
John Blackwood,"2:269, 2:272, 2:273, 2:275, 2:276, 2:281, 2:283, 2:290, 2:293, 2:294, 2:296, 2:297, 2:298, 2:298, 2:299, 2:300, 2:302, 2:303, 2:307, 2:307, 2:308, 2:309, 2:316, 2:321, 2:321, 2:323, 2:323, 2:324, 2:325, 2:325, 2:328, 2:330, 2:334, 2:337, 2:338, 2:344, 2:347, 2:350, 2:352, 2:353, 2:359, 2:359, 2:361, 2:363, 2:365, 2:370, 2:371, 2:372, 2:373, 3:373, 2:374, 2:374, 2:375, 2:378, 2:380, 2:381, 2:385, 2:386, 2:386, 2:387, 2:393, 2:394, 2:395, 2:399, 2:399, 2:405, 2:410, 2:411, 2:413, 2:413, 2:416, 2:417, 2:418, 2:424, 2:427, 2:429, 2:430, 2:432, 2:433, 2:433, 2:435, 2:436, 2:439, 2:442, 2:444, 2:446, 2:448, 2:448, 2:456, 2:459, 2:461, 2:462, 2:463, 2:466, 2:466, 2:468, 2:473, 2:479, 2:480, 2:480, 2:481, 2:482, 2:483, 2:485, 2:487, 2:491, 2:492, 2:493, 2:494, 2:496, 2:497, 2:498, 2:499, 2:499, 2:505, 2:506, 2:507, 2:508, 2:509, 2:509, 2:512, 2:513, 3:4, 3:5, 3:5, 3:6, 3:8, 3:10, 3:11, 3:13, 3:20, 3:23, 3:25, 3:28, 3:29, 3:33, 3:34, 3:35, 3:38, 3:39, 3:40, 3:42, 3:43, 3:46, 3:47, 3:49, 3:50, 3:51, 3:53, 3:54, 3:55, 3:57, 3:57, 3:60, 3:61, 3:67, 3:69, 3:72, 3:72, 3:73, 3:75, 3:77, 3:77, 3:78, 3:80, 3:80, 3:81, 3:82, 3:83, 3:85, 3:88, 3:89, 3:92, 3:93, 3:101, 3:102, 3:104, 3:105, 3:112, 3:117, 3:118, 3:121, 3:124, 3:127, 3:131, 3:132, 3:132, 3:143, 3:145, 3:151, 3:160, 3:161, 3:172, 3:182, 3:183, 3:184, 3:188, 3:188, 3:190, 3:191, 3:192, 3:206, 3:207, 3:208, 3:211, 3:212, 3:215, 3:216, 3:217, 3:220, 3:222, 3:224, 3:232, 3:233, 3:234, 3:3245, 3:235, 3:236, 3:236, 3:239, 3:240, 3:242, 3:244, 3:245, 3:248, 3:249, 3:250, 3:251, 3:251, 3:252, 3:253, 3:254, 3:256, 3:258, 3:259, 3:262, 3:263, 3:264, 3:265, 3:266, 3:267, 3:268, 3:269, 3:272, 3:273, 3:275, 3:276, 3:277, 3:278, 3:284, 3:289, 3:293, 3:297, 3:305, 3:306, 3:312, 3:314, 3:317, 3:322, 3:327, 3:330, 3:332, 3:335, 3:339, 3:340, 3:341, 3:343, 3:345, 3:48, 3:349, 3:350, 3:351, 3:355, 3:357, 3:367, 3:369, 3:370, 3:371, 3:375, 3:377, 3:379, 3:380, 3:382, 3:383, 3:384, 3:385, 3:385, 3:386, 3:387, 3:387, 3:389, 3:390, 3:392, 3:394, 3:395, 3:405, 3:406, 3:410, 3:416, 3:420, 3:427, 3:430, 3:434, 3:440, 3:441, 3:443, 3:444, 3:445, 3:453, 3:457, 3:458, 3:459, 3:461, 3:463, 3:465, 3:473, 3:474, 4:3, 4:6, 4:15, 4:18, 4:22, 4:27, 4:34, 4:35, 4:38, 4:44, 4:47, 4:50, 4:61, 4:62, 4:63, 4:73, 4:76, 4:80, 4:112, 4:137, 4:240, 4:241, 4:242, 4:243, 4:243, 4:244, 4:246, 4:247, 4:250, 4:252, 4:253, 4:255, 4:257, 4:258, 4:263, 4:263, 4:275, 4:276, 4:279, 4:289, 4:290, 4:292, 4:294, 4:305, 4:307, 4:308, 4:313, 4:318, 4:319, 4:320, 4:325, 4:327, 4:347, 4:349, 4:352, 4:353, 4:354, 4:357, 4:366, 4:370, 4:372, 4:372, 4:373, 4:374, 4:391, 4:393, 4:396, 4:398, 4:399, 4:400, 4:401, 4:402, 4:403, 4:405, 4:406, 4:407, 4:411, 4:412, 4:414, 4:416, 4:417, 4:426, 4:427, 4:428, 4:428, 4:430, 4:431, 4:432, 4:433, 4:434, 4:435, 4:435, 4:436, 4:442, 4:443, 4:445, 4:449, 4:449, 4:450, 4:451, 4:452, 4:456, 4:457, 4:459, 4:460, 4:462, 4:463, 4:469, 4:479, 4:480, 4:492, 4:494, 4:495, 4:497, 4:500, 5:4, 5:15, 5:15, 5:17, 5:18, 5:19, 5:20, 5:23, 5:29, 5:34, 5:51, 5:66, 5:79, 5:80, 5:81, 5:99, 5:145, 5:148, 5:163, 5:164, 5:164, 5:167, 5:168, 5:179, 5:182, 5:183, 5:186, 5:187, 5:189, 5:193, 5:199, 5:200, 5:201, 5:202, 5:203, 5:205, 5:206, 5:207, 5:208, 5:211, 5:223, 5:230, 5:231, 5:234, 5:235, 5:236, 5:240, 5:245, 5:246, 5:248, 5:249, 5:254, 5:254, 5:255, 5:256, 5:263, 5:264, 5:269, 5:290, 5:293, 5:298, 5:299, 5:306, 5:307, 5:308, 5:314, 5:319, 5:330, 5:332, 5:334, 5:347, 5:349, 5:350, 5:352, 5:361, 5:363, 5:364, 5:365, 5:369, 5:370, 5:378, 5:379, 5:380, 5:386, 5:387, 5:400, 5:402, 5:406, 5:410, 5:410, 5:413, 5:416, 5:420, 5:429, 5:430, 5:438, 5:441, 5:451, 5:453, 5:456, 5:458, 5:460, 5:461, 6:9, 6:11, 6:19, 6:21, 6:25, 6:27, 6:36, 6:37, 6:41, 6:42, 6:43, 6:44, 6:50, 6:56, 6:61, 6:73, 6:75, 6:87, 6:91, 6:101, 6:114, 6:122, 6:135, 6:136, 6:143, 6:143, 6:144, 6:159, 6:168, 6:171, 6:177, 6:180, 6:180, 6:181, 6:182, 6:185, 6:187, 6:188, 6:192, 6:195, 6:196, 6:197, 6:198, 6:201, 6:203, 6:205, 6:210, 6:212, 6:213, 6:214, 6:215, 6:217, 6:219, 6:221, 6:222, 6:224, 6:225, 6:227, 6:228, 6:231, 6:231, 6:232, 6:237, 6:237, 6:238, 6:239, 6:240, 6:247, 6:249, 6:253, 6:255, 6:261, 6:262, 6:2, 626:265, 6:271, 6:274, 6:274, 6:279, 6:281, 6:293, 6:294, 6:297, 6:298, 6:299, 6:300, 6:303, 6:303, 6:307, 6:309, 6:312, 6:312, 6:315, 6:328, 6:331, 6:332, 6:333, 6:335, 6:339, 6:345, 6:349, 6:350, 6:357, 6:358, 6:360, 6:366, 6:388, 6:390, 6:391, 3:405, 6:410, 6:412, 6:414, 6:421, 6:422, 6:432, 6:434, 7:7, 7:9, 7:10, 7:32, 7:45, 7:48, 7:50, 7:67, 7:68, 7:78, 7:79, 7:80, 7:81, 7:82, 7:83, 7:85, 7:85, 7:88, 7:93, 7:94, 7:97, 7:98, 7:107, 7:108, 7:110, 7:112, 7:114, 7:118, 7:119, 7:120, 7:121, 7:125, 7:126, 7:129, 7:130, 7:135, 7:136, 7:136, 7:139, 7:140, 7:141, 7:142, 7:145, 7:170, 7:171, 7:173, 7:181, 7:182, 7:191, 7:197, 7:203, 7:206, 7:355, 7:357, 8:152, 8:153, 8:154, 8:168, 8:168, 8:172, 8:173, 8:176, 8:179, 8:179, 8:181, 8:182, 8:183, 8:183, 8:185, 8:185, 8:186, 8:188, 8:189, 8:189, 8:192, 8:193, 8:194, 8:197, 8:198, 8:198, 8:199, 8:200, 8:201, 8:202, 8:203, 8:204, 8:205, 8:211, 8:212, 8:213, 8:214, 8:215, 8:216, 8:216, 8:221, 8:222, 8:224, 8:228, 8:229, 8:230, 8:232, 8:235, 8:235, 8:235, 8:236, 8:236, 8:240, 8:249, 8:254, 8:261, 8:273, 8:273, 8:274, 8:277, 8:278, 8:281, 8:289, 8:290, 8:292, 8:292, 8:337, 8:348, 8:373, 8:373, 8:378, 8:379, 8:392, 8:397, 9:22, 9:69, 9:80, 9:86, 9:88, 9:89, 9:96, 9:98, 9:100, 9:112, 9:115, 9:138, 9:149, 9:156, 9:179, 9:255, 9:255"
Robert Herbert Brabant,
Charles Bray,"2:6, 2:8, 2:9, 2:11, 2:14, 2:17, 2:20, 2:20, 2:22, 2:23, 2:26, 2:27, 2:31, 2:32, 2:34, 2:36, 2:37, 2:38, 2:42, 2:43, 2:46, 2:50, 2:56, 2:58, 2:59, 2:60, 2:65, 2:67, 2:68, 2:69, 2:71, 2:71, 2:73, 2:73, 2:74, 2:75, 2:79, 2:79, 2:81, 2:82, 2:83, 2:83, 2:84, 2:88, 2:89, 2:90, 2:92, 2:93, 2:94, 2:96, 2:99, 2:99, 2:100, 2:101, 2:113, 2:116, 2:116, 2:117, 2:121, 2:122, 2:123, 2:125, 2:131, 2:136, 2:139, 2:158, 2:161, 2:165, 2:170, 2:178, 2:183, 2:184, 2:188, 2:197, 2:199, 2:200, 2:201, 2:202, 2:204, 2:209, 2:215, 2:218, 2:221, 2:224, 2:232, 2:234, 2:252, 2:260, 2:261, 2:262, 2:267, 2:279, 2:279, 2:284, 2:287, 2:396, 2:402, 2:414, 2:510, 3:27, 3:32, 3:87, 3:91, 3:91, 3:94, 3:99, 3:110, 3:120, 3:135, 3:147, 3:154, 3:155, 3:162, 3:164, 3:165, 3:168, 3:210, 3:213, 3:241, 3:323, 3:325, 3:326, 3:391, 3:349, 3:446, 4:72, 4:81, 4:169, 4:179, 4:496, 5:399, 7:342, 8:12, 8:30, 8:58, 8:59, 8:112, 8:122, 8:126, 8:127, 8:128, 8:129, 8:130, 8:139, 8:146, 8:237, 8:245, 8:260, 8:361"
Frances “Fanny” Evans Houghton,"2:52, 2:124, 2:134, 2:148, 2:223, 2:333, 2:336, 8:9, 8:16, 8:17, 8:17, 8:17, 8:18, 8:18, 8:62, 8:68, 8:169"
Henry Houghton,
Richard Monckton [Baron Houghton] Milnes,"7:19, 8:332, 8:336, 8:337, 8:346, 8:356, 8:357, 8:404, 8:473"
Thornton Leigh Hunt,
Thomas Henry Huxley,"8:196, 8:209, 8:360"
"Martha ""Patty"" Jackson","8:5, 8:7"
Owen Jones,
Benjamin Jowett,5:408
Joseph Munt Langford,"2:298, 3:7, 3:173, 3:180, 3:182, 3:193, 3:200, 3:204, 3:206, 3:209, 3:283, 3:343, 3:393, 4:38, 4:121, 4:246, 4:274, 4:491, 5:186, 5:187, 5:203, 5:207, 5:223, 5:243, 5:254, 5:350, 6:5, 6:44, 6:45, 6:390, 6:435, 7:82, 7:85, 7:85, 7:219, 7:229, 8:231"
Samuel Laurence,3:401
Frederick Lehmann,"4:148, 4:335, 4:336, 8:385"
Nina Lehmann,"4:240, 4:335, 4:336, 4:340, 4:368, 6:360, 8:328, 8:401, 8:405"
Frederick Leighton,"4:39, 4:40, 4:41, 4:41, 4:55, 4:63"
Agnes Jervis Lewes,"8:164, 8:174, 8:190"
Blanche Southwood Lewes,"3:125, 3:177, 3:215, 3:242, 3:273, 3:407, 3:408, 3:411, 3:413, 3:418, 3:421, 3:451, 4:20, 4:26, 4:29, 4:31, 4:36, 4:53, 4:54, 4:76, 4:90, 4:150, 4:151, 4:163, 4:185, 4:272, 4:281, 4:283, 4:331, 4:345, 4:383, 4:387, 4:420, 4:454, 4:478, 5:36, 5:72, 5:85, 5:91, 5:96, 5:110, 5:126, 5:135, 5:143, 5:149, 5:154, 5:161, 5:176, 5:180, 5:278, 5:316, 5:423, 5:424, 6:59, 6:77, 6:153, 6:184, 6:264, 6:267, 7:38, 7:64, 7:73, 7:84, 7:87, 7:88, 7:90, 7:106, 7:143, 7:156, 7:158, 7:161, 7:167, 7:175, 7:177, 7:178, 7:179, 7:184, 7:187, 7:190, 7:193, 7:201, 7:205, 7:213, 7:216, 7:217, 7:222, 7:224, 7:276, 7:282, 7:288, 7:293, 7:302, 7:304, 7:306, 7:311, 7:318, 7:318, 7:325, 7:327, 7:329, 7:338, 8:120, 8:164, 8:174, 8:190, 8:282, 8:451"
Charles Lewes,
Charles Lee Lewes,"3:125, 3:177, 3:215, 3:242, 3:273, 3:407, 3:408, 3:411, 3:413, 3:418, 3:421, 3:451, 4:20, 4:26, 4:29, 4:31, 4:36, 4:53, 4:54, 4:76, 4:90, 4:150, 4:151, 4:163, 4:185, 4:272, 4:281, 4:283, 4:331, 4:345, 4:383, 4:387, 4:420, 4:454, 4:478, 5:36, 5:72, 5:85, 5:91, 5:96, 5:110, 5:126, 5:135, 5:143, 5:149, 5:154, 5:161, 5:176, 5:180, 5:278, 5:316, 5:423, 5:424, 6:59, 6:77, 6:153, 6:184, 6:264, 6:267, 7:38, 7:64, 7:73, 7:84, 7:87, 7:88, 7:90, 7:106, 7:143, 7:156, 7:158, 7:161, 7:167, 7:175, 7:177, 7:178, 7:179, 7:184, 7:187, 7:190, 7:193, 7:201, 7:205, 7:213, 7:216, 7:217, 7:222, 7:224, 7:276, 7:282, 7:288, 7:293, 7:302, 7:304, 7:306, 7:311, 7:318, 7:318, 7:325, 7:327, 7:329, 7:338, 8:120, 8:164, 8:174, 8:190, 8:282, 8:451"
Elizabeth Ashweek Willim Lewes,4:272
George Henry Lewes,"2:139, 2:176, 2:269, 2:272, 2:273, 2:275, 2:276, 2:281, 2:294, 2:296, 2:296, 2:299, 2:307, 2:307, 2:308, 2:310, 2:312, 2:315, 2:316, 2:321, 2:321, 2:323, 2:325, 2:326, 2:328, 2:330, 2:334, 2:337, 2:338, 2:350, 2:361, 2:363, 2:365, 2:370, 2:370, 2:371, 2:372, 2:374, 2:378, 2:380, 2:386, 2:394, 2:405, 2:410, 2:416, 2:429, 2:430, 2:432, 2:435, 2:439, 2:446, 2:448, 2:448, 2:456, 2:461, 2:463, 2:466, 2:466, 2:468, 2:470, 2:473, 2:477, 2:479, 2:480, 2:481, 2:485, 2:487, 2:491, 2:491, 2:497, 2:498, 2:506, 2:513, 3:4, 3:4, 3:5, 3:8, 3:10, 3:12, 3:13, 3:28, 3:30, 3:31, 3:35, 3:36, 3:38, 3:46, 3:49, 3:50, 3:51, 3:54, 3:55, 3:57, 3:61, 3:63, 3:72, 3:73, 3:77, 3:87, 3:91, 3:105, 3:106, 3:115, 3:117, 3:127, 3:129, 3:135, 3:143, 3:145, 3:148, 3:152, 3:158, 3:165, 3:167, 3:183, 3:188, 3:189, 3:193, 3:195, 3:196, 3:203, 3:204, 3:208, 3:211, 3:212, 3:213, 3:242, 3:249, 3:250, 3:251, 3:252, 3:258, 3:261, 3:262, 3:266, 3:267, 3:268, 3:269, 3:269, 3:273, 3:273, 3:275, 3:279, 3:289, 3:290, 3:295, 3:306, 3:308, 3:318, 3:322, 3:325, 3:326, 3:327, 3:330, 3:331, 3:332, 3:335, 3:341, 3:345, 3:348, 3:349, 3:350, 3:352, 3:357, 3:363, 3:375, 3:378, 3:380, 3:385, 3:387, 3:406, 3:407, 3:410, 3:411, 3:413, 3:418, 3:420, 3:421, 3:422, 3:429, 3:430, 3:434, 3:435, 3:441, 3:443, 3:444, 3:445, 3:457, 3:459, 3:461, 3:463, 3:465, 3:470, 3:473, 4:17, 4:19, 4:22, 4:24, 4:27, 4:29, 4:31, 4:33, 4:36, 4:47, 4:50, 4:52, 4:53, 4:54, 4:58, 4:76, 4:80, 4:82, 4:102, 4:111, 4:112, 4:115, 4:122, 4:126, 4:132, 4:137, 4:143, 4:150, 4:151, 4:163, 4:165, 4:172, 4:184, 4:185, 4:192, 4:194, 4:240, 4:241, 4:242, 4:243, 4:252, 4:253, 4:254, 4:255, 4:258, 4:263, 4:265, 4:270, 4:272, 4:281, 4:283, 4:283, 4:289, 4:325, 4:327, 4:330, 4:331, 4:334, 4:345, 4:360, 4:383, 4:392, 4:399, 4:400, 4:405, 4:415, 4:416, 4:417, 4:434, 4:441, 4:441, 4:449, 4:449, 4:450, 4:450, 4:451, 4:452, 4:454, 4:456, 4:458, 4:469, 4:489, 4:495, 5:4, 5:4, 5:7, 5:10, 5:11, 5:17, 5:18, 5:19, 5:20, 5:20, 5:29, 5:33, 5:36, 5:46, 5:66, 5:69, 5:79, 5:50, 5:83, 5:85, 5:87, 5:94, 5:96, 5:126, 5:139, 5:143, 5:145, 5:148, 5:151, 5:163, 5:164, 5:165, 5:176, 5:179, 5:180, 5:182, 5:185, 5:189, 5:190, 5:191, 5:192, 5:193, 5:194, 5:195, 5:195, 5:196, 5:198, 5:198, 5:200, 5:201, 5:201, 5:202, 5:202, 5:204, 5:205, 5:210, 5:211, 5:213, 5:214, 5:216, 5:218, 5:219, 5:223, 5:224, 5:225, 5:228, 5:234, 5:243, 5:244, 5:245, 5:246, 5:248, 5:250, 5:254, 5:258, 5:260, 5:262, 5:263, 5:264, 5:266, 5:267, 5:268, 5:275, 5:277, 5:278, 5:282, 5:283, 5:286, 5:290, 5:292, 5:297, 5:298, 5:299, 5:299, 5:300, 5:302, 5:303, 5:305, 5:308, 5:308, 5:309, 5:310, 5:311, 5:313, 5:316, 5:319, 5:326, 5:330, 5:332, 5:337, 5:339, 5:347, 5:349, 5:352, 5:353, 5:357, 5:360, 5:363, 5:364, 5:365, 5:368, 5:369, 5:370, 5:371, 5:376, 5:377, 5:386, 5:396, 5:397, 5:398, 5:399, 5:400, 5:402, 5:409, 5:410, 5:410, 5:413, 5:414, 5:415, 5:416, 5:416, 5:420, 5:420, 5:423, 5:424, 5:431, 5:433, 5:442, 5:447, 5:449, 5:453, 5:462, 5:465, 5:469, 5:470, 5:472, 6:6, 6:9, 6:11, 6:12, 6:20, 6:30, 6:39, 6:39, 6:41, 6:42, 6:44, 6:59, 6:61, 6:71, 6:77, 6:78, 6:79, 6:85, 6:86, 6:95, 6:102, 6:114, 6:118, 6:120, 6:121, 6:125, 6:128, 6:129, 6:131, 6:138, 6:138, 6:153, 6:154, 6:156, 6:159, 6:160, 6:168, 6:169, 6:171, 6:175, 6:180, 6:180, 6:188, 6:192, 6:196, 6:197, 6:201, 6:202, 6:203, 6:204, 6:205, 6:205, 6:209, 6:210, 6:211, 6:212, 6:212, 6:213, 6:214, 6:215, 6:217, 6:218, 6:218, 6:219, 6:224, 6:225, 6:226, 6:227, 6:228, 6:233, 6:236, 6:237, 6:238, 6:243, 6:247, 6:248, 6:249, 6:252, 6:254, 6:255, 6:256, 6:256, 6:257, 6:259, 6:260, 6:261, 6:262, 6:262, 6:262, 6:254, 6:267, 6:274, 6:278, 6:281, 6:284, 6:292, 6:293, 6:298, 6:299, 6:300, 6:303, 6:306, 6:307, 6:309, 6:310, 6:312, 6:312, 6:313, 6:322, 6:323, 6:328, 6:331, 6:332, 6:334, 6:336, 6:344, 6:345, 6:348, 6:349, 6:354, 6:356, 6:358, 6:360, 6:360, 6:362, 6:363, 6:365, 6:367, 6:372, 6:373, 6:375, 6:380, 6:386, 6:388, 6:389, 6:391, 6:393, 6:395, 6:400, 6:410, 6:412, 6:412, 6:429, 6:434, 6:436, 6:437, 7:7, 7:9, 7:10, 7:12, 7:14, 7:16, 7:20, 7:25, 7:26, 7:28, 7:30, 7:35, 7:38, 7:38, 7:41, 7:43, 7:44, 7:47, 7:49, 7:50, 7:52, 7:57, 7:60, 7:64, 7:65, 7:73, 7:76, 7:78, 7:79, 8:76, 8:77, 8:77, 8:112, 8:117, 8:117, 8:120, 8:139, 8:140, 8:141, 8:141, 8:142, 8:143, 8:143, 8:144, 8:145, 8:147, 8:148, 8:149, 8:149, 8:150, 8:152, 8:153, 8:154, 8:155, 8:156, 8:156, 8:157, 8:158, 8:159, 8:160, 8:161, 8:161, 8:162, 8:162, 8:164, 8:166, 8:168, 8:168, 8:170, 8:172, 8:173, 8:176, 8:178, 8:179, 8:179, 8:180, 8:181, 8:182, 8:183, 8:183, 8:185, 8:185, 8:186, 8:188, 8:189, 8:189, 8:192, 8:193, 8:194, 8:195, 8:195, 8:196, 8:197, 8:198, 8:198, 8:199, 8:200, 8:202, 8:203, 8:204, 8:205, 8:206, 8:207, 8:209, 8:210, 8:211, 8:212, 8:213, 8:214, 8:215, 8:215, 8:216, 8:216, 8:221, 8:222, 8:223, 8:223, 8:225, 8:226, 8:227, 8:228, 8:229, 8:230, 8:232, 8:233, 8:234, 8:235, 8:235, 8:235, 8:236, 8:236, 8:237, 8:237, 8:238, 8:239, 8:240, 8:243, 8:245, 8:249, 8:251, 8:252, 8:253, 8:254, 8:254, 8:258, 8:258, 8:259, 8:259, 8:260, 8:264, 8:266, 8:268, 8:269, 8:270, 8:272, 8:272, 8:273, 8:273, 8:274, 8:274, 8:275, 8:277, 8:279, 8:281, 8:282, 8:286, 8:288, 8:294, 8:300, 8:301, 8:302, 8:303, 8:304, 8:305, 8:308, 8:308, 8:309, 8:311, 8:312, 8:313, 8:315, 8:315, 8:316, 8:319, 8:321, 8:323, 8:323, 8:327, 8:328, 8:330, 8:332, 8:334, 8:335, 8:336, 8:337, 8:338, 8:338, 8:339, 8:340, 8:342, 8:343, 8:346, 8:347, 8:347, 8:348, 8:349, 8:350, 8:351, 8:352, 8:354, 8:356, 8:356, 8:357, 8:357, 8:360, 8:360, 8:361, 8:362, 8:364, 8:365, 8:366, 8:370, 8:373, 8:373, 8:374, 8:375, 8:375, 8:377, 8:379, 8:382, 8:384, 8:386, 8:386, 8:387, 8:388, 8:389, 8:389, 8:390, 8:394, 8:395, 8:397, 8:398, 8:398, 8:399, 8:399, 8:400, 8:401, 8:403, 8:404, 8:406, 8:407, 8:408, 8:411, 8:412, 8:412, 8:413, 8:416, 8:418, 8:419, 8:420, 8:425, 8:4, 268:429, 8:430, 8:431, 8:436, 8:436, 8:437, 8:438, 8:439, 8:439, 8:441, 8:445, 8:446, 8:446, 8:447, 8:447, 8:448, 8:450, 8:451, 8:452, 8:453, 8:455, 8:456, 8:464, 8:470, 8:472, 8:474, 8:474, 8:476, 8:477, 8:478, 8:479, 8:481, 8:481, 8:483, 8:485, 8:486, 8:486, 8:490"
Gertrude Hill Lewes,"4:185, 4:213, 4:234, 4:272, 4:283, 4:369, 4:383, 4:454, 5:36, 5:108, 5:126, 7:302, 8:451"
"Herbert ""Bertie"" Arthur Lewes","8:252, 8:491"
"Thornton ""Thornie"" Arnott Lewes","8:120, 8:166, 8:170, 8:178, 8:242, 8:259, 8:266, 8:270, 8:280, 8:284, 8:294, 8:321, 8:323, 8:343, 8:351, 8:366, 8:375, 8:390, 8:431"
Maria Lewis,
Joseph Liggins,
Octavia Hill,"1:71, 4:184, 4:2, 135:124, 5:161, 5:284, 5:336, 5:371, 5:3, 736:31, 6:85, 6:1, 537:6, 7:38"
Sara Sophia Hennell,
Charles Christian Hennell,
Arthur Helps,"2:135, 2:150, 2:174, 2:176, 2:197, 2:224, 2:253, 2:280, 2:281, 2:294, 2:415, 2:416, 2:418, 2:478, 2:490, 2:5, 123:3, 604:75, 4:375, 4:4, 175:311, 5:3, 986:32, 6:115, 6:129, 6:149, 6:194, 6:261"
Frederic Harrison,
Edward Bruce Hamley,"3:243, 3:298, 3:427, 3:4, 414:293, 4:475, 4:480, 5:6, 5:134, 5:230, 5:380, 5:4, 317:108, 7:130, 7:192, 7:228, 7:23"
Edmund Gurney,"5:409, 6:140, 6:321, 6:360, 6:380, 6:396, 6:3, 987:21, 7:286"
Elizabeth Cleghorn Gaskell,"2:86, 2:91, 2:93, 2:96, 2:110, 2:112, 2:115, 2:117, 2:119, 2:122, 2:158, 2:225, 2:263, 2:3, 303:74, 3:76, 3:180, 3:198, 3:201, 3:220, 3:2, 264:79, 4:2, 086:4"
James Anthony Froude,"1:279, 1:280, 1:285, 1:289, 1:299, 1:318, 1:3, 592:4, 2:5, 2:34, 2:47, 2:57, 2:61, 2:114, 2:117, 2:124, 2:211, 2:397, 42:418, 2:481, 2:482, 2:4, 843:6, 3:34, 3:43, 3:115, 3:1, 195:1, 597:29, 7:30"
James Fields,"5:94, 8:452, 5:38, 5:139, 5:165, 5:198"
Annie Adams Fields,"5:270, 6:53, 7:102"
Helen Faucit,"2:9, 83:4, 24:132, 4:139, 4:144, 4:181, 4:186, 4:192, 4:360, 4:364, 4:3, 835:13, 5:45, 5:3, 336:2, 57:194"
Sarah Rowlins Evans,7:105
Robert Evans,"4:130, 4:140, 4:299, 4:306, 4:133, 7:105, 8:316"
Isaac Pearson Evans,"1:49, 1:65, 1:67, 1:3, 1:4, 1:6, 1:7, 1:13, 1:24, 1:25, 1:29, 1:42, 1:50, 1:57, 1:60, 1:68, 1:89, 1:93, 1:97, 1:98, 1:112, 1:129, 1:132, 1:133, 1:134, 1:156-6, 1:201, 1:258, 1:272, 1:298, 1:307, 1:330, 1:33, 2:73, 2:75, 2:97, 2:134, 2:178, 2:184, 2:188, 2:197, 2:202, 2:317, 2:320, 2:331, 2:333, 2:336, 2:342, 2:346, 2:349, 2:364, 2:3, 983:26, 3:98, 3:99, 3:2, 246:45, 6:2, 787:105, 7:280, 7:285, 2:287"
Elizabeth Tomlinson Evans,"1:14, 1:18, 1:73, 1:82"
Christiana Pearson Evans,
Anna Bowling Buchanan Druce,"6:105, 7:311, 7:316, 7:339, 6:39, 7:266"
Emmanuel Oscar Menahem Deutsch,"4:266, 4:336, 4:364, 4:365, 4:384, 4:399, 4:409, 4:440, 4:446, 4:4, 485:39, 5:45, 5:73, 5:100, 5:115, 5:154, 5:160, 5:344, 5:37"
Julie Covelle D'Albert-Durade,3:313
Charles Dickens,"1:68, 1:29, 1:164, 1:225, 1:337, 1:3, 652:11, 2:17, 2:18, 2:23-25, 2:24, 2:52, 2:225, 2:260, 2:280, 2:418, 2:423-4, 2:248, 2:429, 2:432, 2:46, 3:6, 3:28, 3:31, 3:65, 3:114, 3:115, 3:146, 3:171, 3:192, 3:195, 3:197, 3:200, 3:203, 3:205, 3:210, 3:211, 3:225, 3:237, 3:245, 3:247, 3:261, 3:275, 3:315, 3:344, 3:351, 3:393, 3:434, 3:468, 4:8, 4:18, 4:120, 4:266, 4:441, 5:81, 5:82, 5:102, 5:184, 5:196, 5:226, 5:268, 5:307, 5:331, 5:464, 6:15, 6:23, 6:28, 6:68, 6:171, 6:313, 7:17, 7:385"
Emily Davies,"4:199, 4:401, 4:425, 4:4, 675:5, 86:2, 857:27, 7:2"
Eliza Lynn Linton,"4:319, 4:326"
Edward George Bulwer-Lytton,"8:261, 8:313, 8:378, 8:429"
Robert Bulwer-Lytton,
Alexander Main,"5:174, 5:175, 5:182, 5:184, 5:192, 5:194, 5:201, 5:205, 5:210, 5:211, 5:212, 5:213, 5:218, 5:228, 5:229, 5:239, 5:250, 5:260, 5:267, 5:275, 5:283, 5:292, 5:297, 5:300, 5:302, 5:309, 5:323, 5:325, 5:337, 5:358, 5:360, 5:366, 5:382, 5:396, 5:397, 5:398, 5:399, 5:404, 5:415, 5:417, 5:431, 5:439, 5:442, 5:447, 5:449, 5:460, 5:465, 5:470, 5:472, 6:6, 6:7, 6:12, 6:20, 6:30, 6:49, 6:71, 6:79, 6:95, 6:106, 6:125, 6:128, 6:131, 6:146, 6:156, 6:175, 6:209, 6:218, 6:226, 6:244, 6:362, 6:431, 6:433"
Harriet Martineau,
James Martineau,8:25
John Stuart Mill,
John Morley,"4:364, 8:402"
Friedrich Max Muller,
Frederic William Henry Myers,
Francis Parker Newdigate,
Florence Nightingale,
Charles Eliot Norton,"5:4, 5:7, 5:5, 5:10"
Richard Owen,"3:373, 8:142, 8:407"
James Paget,
Francois D'Albert-Durade,"1:64, 1:314-331, 1:332, 1:333, 1:3, 363:186, 3:210, 3:301, 3:308, 3:314, 3:348, 3:401, 3:413, 3:415, 3:425, 3:4, 474:3, 4:14, 4:20, 4:32, 4:37, 4:46, 4:59, 4:67, 4:68, 4:80, 4:93, 4:116, 4:153, 4:175, 4:210, 4:310, 4:358, 4:418, 4:464, 4:4, 915:134, 5:141, 5:186, 5:241, 5:287, 5:320, 5:392, 5:419, 5:427, 5:4, 326:24, 6:129, 6:173, 6:276, 6:4, 277:28, 4:46, 7:115, 7:226, 7:256, 7:333"
John Emerich Edward Dalberg-Acton,9:225
Anna Chalmers Wood Cross,"5:137, 5:204, 5:268, 5:282, 5:301, 5:311, 5:317, 5:333, 5:352, 5:362, 5:433, 4:435, 5:444, 5:468, 6:29, 6:50, 6:55, 6:62, 6:118, 6:170, 6:346, 6:354, 6:436, 6:395"
Emily Helen Cross,6:116
William Cross,1:62
Mary Finlay Cross,"1:63, 5:171, 5:215, 5:3, 126:7, 6:47, 6:154, 6:291, 6:360, 6:436, 6:4, 367:38, 7:63, 7:64, 7:159, 7:162, 7:218, 7:234, 7:246, 7:270, 7:278, 7:295, 7:296, 7:322"
John Walter Cross,"1:63, 5:302, 5:310, 5:4, 366:154, 6:170, 6:3, 607:16, 8:256, 8:259, 8:270, 8:274, 8:285, 8:296, 8:309, 8:322, 8:342, 8:347"
Florence Nightingale Cross,"7:166, 7:285, 7:296, 7:309"
Richard Congreve,"1:61, 1:62, 1:67, 1:68, 1:242, 1:3, 532:456, 2:5, 003:16, 3:26, 3:32, 3:53, 3:62, 3:68, 3:70, 3:101, 3:115, 3:136, 3:177, 3:178, 3:179, 3:180, 3:182, 3:195, 3:197, 3:201, 3:206, 3:214, 3:227, 3:238, 3:287, 3:288, 3:293, 3:294, 3:298, 3:324, 3:330, 3:333, 3:349, 3:353, 3:367, 3:441, 3:460, 3:467, 3:476, 3:482, 3:4, 964:16, 4:52, 4:67, 4:71, 4:78, 4:83, 4:105, 4:107, 4:174, 4:200, 4:207, 4:227, 4:277, 4:378, 4:413, 4:430, 4:360, 4:363, 4:4, 985:26, 5:37, 5:75, 5:163, 5:238, 5:263, 5:342, 5:401, 5:4, 266:3, 027:64, 7:192, 7:234, 7:260, 7:296, 7:344-5"
Maria Bury Congreve,"3:26, 3:32, 3:53, 3:62, 3:68-70, 3:79, 3:101, 3:112, 3:115-6, 3:120, 3:180, 3:197, 3:227, 3:238, 3:286-8, 3:292-3, 3:295, 3:303-4, 3:324, 3:330, 3:337, 3:349, 3:353, 3:363, 3:376, 3:440-1, 3:439, 3:460, 3:4, 674:5, 4:16, 4:60, 4:83, 4:111, 4:115, 4:127, 4:137, 4:160, 4:166, 4:171, 4:173, 4:176, 4:178, 4:179, 4:182, 4:191, 4:195, 4:199, 4:200, 4:206, 4:207, 4:209, 4:227, 4:269, 4:278, 4:293, 4:298, 4:324, 4:332, 4:344, 4:349, 4:378, 4:410, 4:415, 4:423, 4:429, 4:430, 4:474, 4:476, 4:482, 4:4, 875:25, 5:40, 5:50, 5:75, 5:86, 5:97, 5:124, 5:145, 5:163, 5:177, 5:238, 5:250, 5:264, 5:288, 5:291, 5:305, 5:342, 5:401, 5:412, 5:425, 5:4, 546:19, 6:8"
George Combe,"1:193, 1:232, 1:352, 1:359, 1:361, 1:365, 1:369, 1:372, 1:3, 742:12, 2:17, 2:22, 2:23, 2:31, 2:33, 2:37, 2:39, 2:43, 2:48, 2:49, 2:54, 2:56, 2:58, 2:59-62, 2:72, 2:98, 2:102, 2:104-6, 2:108, 2:113, 2:116, 2:117, 2:135, 2:137, 2:155, 2:162, 2:183, 2:210, 2:214, 2:219, 2:222, 2:257, 2:264, 2:4, 793:1, 695:322"
Emily Susanna Clarke,"6:150, 6:277, 8:250"
Edward Clarke,"1:65, 1:4, 1:95, 1:100, 1:141, 1:200, 1:258, 1:271, 1:301, 1:304, 1:336, 1:3, 562:73, 2:7, 54:472"
Christiana Evans Clarke,"1:65-77, 1:3-4, 1:7, 1:13, 1:43, 1:46-7, 1:51, 1:60, 1:67, 1:71, 1:79, 1:94-6, 1:100, 1:117, 1:127, 1:129, 1:140-2, 1:249, 1:298, 1:301, 1:304, 1:307, 1:314, 1:327-8, 1:330, 1:333, 1:336-7, 2:73-5, 2:81, 2:84, 2:88, 2:90, 2:92, 2:96-8, 2:117, 2:124, 2:134-5, 2:150, 2:157, 2:182, 2:184, 2:204, 2:223-4, 2:262, 2:314, 2:317-8, 2:320, 2:329, 2:332-3, 2:336, 2:342, 2:346, 2:355, 2:3, 983:23, 3:24, 3:26, 3:27, 3:30, 3:38, 3:135, 3:146, 3:147, 3:174"
Joseph Parkes,
"Elizabeth ""Bessie"" Rayner Parkes","2:7, 2:26, 2:30, 2:32, 2:35, 2:44, 2:64, 2:74, 2:87, 2:89, 2:99, 2:100, 2:107, 2:108, 2:108, 2:109, 2:115, 2:128, 2:134, 2:135, 2:136, 2:138, 2:141, 2:143, 2:151, 2:163, 2:173, 2:195, 2:200, 2:231, 2:235, 2:365, 2:379, 2:384, 2:428, 2:431, 2:436, 2:495, 3:133, 4:44, 4:85, 4:86, 4:114, 4:114, 4:131, 4:146, 4:186, 4:196, 5:125, 5:336, 6:392, 7:87, 7:347, 8:46, 8:241, 8:307, 8:317"
Mark Pattison,"6:202, 6:204, 6:243, 5:38, 5:52, 5:65, 5:74, 5:77, 5:92, 5:95, 5:98, 5:116, 5:120, 5:141, 5:151, 5:215, 5:246, 5:304, 5:343, 5:371, 5:408, 5:460, 6:12, 6:66, 6:97, 6:107, 6:156, 6:176, 6:228, 6:342, 6:377, 7:90, 7:104, 7:154, 8:457"
Edward Frederik Smyth Pigott,"2:395, 8:161, 8:206, 8:207, 8:209, 8:228, 8:233, 8:234, 8:243, 8:251, 8:254, 8:320, 8:374"
Mary Elizabeth Ponsonby,"6:97, 6:120, 6:124, 6:166, 6:406, 7:110, 7:231"
Anne Isabella Ritchie,7:284
Jane Elizabeth Senior,"4:317, 4:365, 4:422, 5:55, 5:57, 5:82, 5:285, 5:372, 6:46, 6:269"
John Sibree,
Henry Sidgwick,
Edith Simcox,
George Simpson,"3:193, 3:200, 3:204, 3:209, 4:254, 4:253, 4:439, 4:443, 4:444, 4:317, 4:365, 4:422, 4:487, 6:30, 6:39, 6:42, 6:58, 6:197"
George Barnett Smith,"4:48, 4:50, 4:51, 4:78, 4:138, 4:174, 4:233, 4:324, 4:377, 4:391, 6:107, 7:247, 7:328, 8:318, 8:395, 8:396, 8:411, 8:416"
Herbert Spencer,"5:188, 7:87, 7:172, 7:348, 8:42, 8:50, 8:56, 8:61, 8:76, 8:150, 8:245, 8:247"
Andrew Clark,
John Chapman,"1:11, 1:14, 1:15, 1:44, 1:54, 1:57, 1:LIX-LXI, 1:70, 1:75, 1:175, 1:196, 1:212, 1:214, 1:224, 1:225, 1:227, 1:231, 1:232, 1:256, 1:280, 1:299, 1:306, 1:321, 1:332, 1:334-5, 1:337, 1:338, 1:341, 1:342, 1:343, 1:344, 1:345, 1:346, 1:346-7, 1:348, 1:349, 1:350, 1:351, 1:351-3, 1:353, 1:354, 1:354-6, 1:359, 1:360-1, 1:363, 1:364, 1:366, 1:369, 1:370, 1:371, 1:372, 1:373, 1:374, 1:375, 1:376, 1:3, 782:3, 2:4, 2:6, 2:7, 2:8, 2:9, 2:11, 2:14, 2:17, 2:21, 2:21-2, 2:24, 2:29, 2:31, 2:35, 2:36, 2:38, 2:39, 2:40, 2:43, 2:44, 2:45, 2:46, 2:48, 2:50, 2:51, 2:53, 2:53-4, 2:54, 2:55, 2:57, 2:62, 2:63, 2:65-6, 2:67, 2:68, 2:70, 2:70-1, 2:72, 2:79, 2:80, 2:82, 2:82-3, 2:83, 2:84, 2:89, 2:90, 2:92, 2:93, 2:95, 2:98, 2:99, 2:100, 2:101, 2:107, 2:108, 2:109, 2:118, 2:119, 2:120, 2:122, 2:123, 2:127, 2:127-8, 2:128, 2:130, 2:132, 2:133, 2:137, 2:141, 2:143, 2:147, 2:151, 2:152, 2:157, 2:162, 2:163, 2:164, 2:165, 2:172, 2:174, 2:175, 2:179, 2:180, 2:181-2, 2:183, 2:187, 2:188, 2:189, 2:191, 2:196, 2:197, 2:198, 2:200, 2:201, 2:205, 2:205-9, 2:217, 2:220, 2:225, 2:232, 2:238, 2:254, 2:25, 2:257-8, 2:259, 2:261, 2:271, 2:287-8, 2:288, 2:289, 2:290, 2:351, 2:377, 2:382-3, 2:385, 2:397-8, 2:401, 2:420-1, 2:426-7, 2:431, 2:438, 2:456, 2:471, 2:472-3, 2:482, 2:485, 2:471, 2:485, 2:486, 2:489, 2:490, 2:494, 2:5, 053:3-4, 3:7, 3:12-3, 3:49, 3:71, 3:238, 3:254, 3:310, 3:3, 294:8, 4:10, 4:10-1, 4:11, 4:18, 4:21, 4:23, 4:26, 4:228-9, 4:238, 4:260, 4:385"
Thomas Carlyle,"1:43, 1:59, 1:71, 1:122, 1:162, 1:171, 1:225-3, 1:271, 1:272, 1:274, 1:345, 1:361, 1:366, 1:369-70, 1:371, 1:373, 1:376, 1:3, 782:23, 2:69, 2:92, 2:114, 2:139, 2:143, 2:176-9, 2:185, 2:238, 2:295, 2:330, 2:358, 2:412, 2:415, 2:425-6, 2:4, 413:7-9, 3:20, 3:23, 3:37, 3:102, 3:435, 3:4, 504:65, 4:203, 4:290, 4:4, 695:49, 5:117, 5:4, 226:60"
Jane Welsh Carlyle,2:425
Frederic William Burton,"3:44-5, 3:70, 3:120, 3:128, 3:238, 3:261, 3:4, 144:20, 4:30-1, 4:79, 4:115, 4:125, 4:135, 4:147-8, 4:150-2, 4:157, 4:167, 4:185, 4:195, 4:215, 4:266, 4:491, 5:5, 6:360"
Georgiana Burne-Jones,"1:18, 1:46, 1:59, 5:3, 5:45, 5:57, 5:77, 5:101, 5:103-4, 5:105-6, 5:108, 5:110, 5:143, 5:249, 5:3, 916:72-3, 6:142, 6:254, 6:345, 6:364-5, 6:4, 307:15, 7:17, 7:21, 7:63, 7:78, 7:100-1, 7:117, 7:124, 7:146, 7:157, 7:174-5, 7:184, 7:192, 7:209, 7:212-3, 7:222-3, 7:245, 7:258, 7:263-4, 7:269-70, 7:272, 7:294, 7:299, 7:320-1, 7:336, 7:35"
Edward Coley Burne-Jones,"1:59, 5:3, 5:45, 5:57, 5:77, 5:106, 5:143, 5:246, 5:390-1, 6:229, 6:348, 6:364, 6:368, 6:371, 6:4, 157:16, 7:53, 7:146, 7:158, 7:234, 7:263, 7:299"
Robert Browning,"1:366, 1:3, 762:218, 2:305, 2:471, 4:94, 4:96, 4:102, 4:143, 4:167-8, 4:396-7, 4:497, 4:501, 5:5, 5:13-4, 5:41, 5:133, 5:144, 5:176, 5:263, 5:47"
Oscar Browning,"4:186, 4:365, 4:368, 4:376, 4:386, 4:4, 715:5, 5:59, 5:65, 5:76, 5:92-3, 5:118-9, 5:133, 5:268, 5:270, 5:376, 5:450, 5:4, 546:126-7, 6:1, 557:22, 7:73, 7:103"
Barbara [Mme Eugene] Bodichon,"1:12, 1:18, 1:44, 1:48, 1:LIII-LV, 2:9, 2:13, 2:16, 2:30, 2:32, 2:40, 2:45, 2:65, 2:87, 2:106, 2:109, 2:144-5, 2:145, 2:165, 2:174, 2:196, 2:211, 2:225-7, 2:229, 2:254-5, 2:255, 2:257, 2:267, 2:320, 2:337, 2:345, 2:352, 2:361, 2:338, 2:341, 2:3, 513:56-7, 3:59, 3:61, 3:64-5, 3:66, 3:79, 3:88, 3:99, 3:102, 3:104, 3:107, 3:108, 3:119, 3:123, 3:124, 3:128, 3:134, 3:142, 3:157, 3:169, 3:172, 3:224-6, 3:269-71, 3:309-10, 3:311, 3:317, 3:331, 3:333, 3:334, 3:337, 3:342-3, 3:365-7, 3:388-9, 3:402, 3:403, 3:413, 3:442, 3:439, 3:444, 3:446, 3:447, 3:455, 3:4, 664:14, 4:20-1, 4:23, 4:30, 4:45, 4:64, 4:84, 4:92, 4:101, 4:107, 4:109, 4:115-20, 4:125, 4:131-2, 4:140-3, 4:143, 4:146, 4:167, 4:195, 4:198, 4:236-7, 4:266, 4:328, 4:329, 4:338-9, 4:351, 4:362, 4:367, 4:377-8, 4:379, 4:383, 4:396, 4:399, 4:401, 4:413, 4:425, 4:428, 4:430, 4:475-6, 4:483, 4:487, 4:493, 4:4, 955:3, 5:13, 5:19, 5:34, 5:35-6, 5:44-5, 5:46, 5:57, 5:68, 5:70, 5:73, 5:74, 5:77, 5:78, 5:104-5, 5:113, 5:117, 5:123, 5:125, 5:126, 5:12"
William Blackwood,"2:288, 2:291, 2:485, 2:491, 2:494, 2:498, 3:30, 3:31, 3:36, 3:65, 3:66, 3:74, 3:76, 3:77, 3:80, 3:85, 3:87, 3:89, 3:106, 3:152, 3:172, 3:188, 3:192, 3:213, 3:220, 3:232, 3:233, 3:235, 3:260, 3:262, 3:273, 3:275, 3:279, 3:283, 3:296, 3:299, 3:325, 3:334, 3:462, 3:465, 3:474, 4:44, 4:243, 4:256, 4:274, 4:389, 4:421, 4:439, 4:441, 4:443, 4:444, 4:466, 4:474, 5:99, 5:182, 5:185, 5:190, 5:190, 5:191, 5:195, 5:196, 5:198, 5:202, 5:203, 5:205, 5:211, 5:214, 5:216, 5:219, 5:224, 5:277, 5:286, 5:302, 5:305, 5:308, 5:309, 5:311, 5:313, 6:50, 6:80, 6:135, 6:205, 6:211, 6:212, 6:218, 6:237, 6:252, 6:253, 6:256, 6:256, 6:257, 6:259, 6:261, 6:261, 6:273, 6:279, 6:293, 6:309, 6:323, 6:333, 6:390, 6:396, 6:405, 6:407, 6:410, 7:25, 7:26, 7:41, 7:42, 7:43, 7:44, 7:51, 7:52, 7:55, 7:57, 7:58, 7:70, 7:116, 7:117, 7:121, 7:122, 7:127, 7:144, 7:145, 7:147, 7:147, 7:148, 7:150, 7:150, 7:152, 7:153, 7:155, 7:163, 7:164, 7:190, 7:196, 7:204, 7:206, 7:208, 7:219, 7:221, 7:225, 7:228, 7:236, 7:237, 7:243, 7:244, 7:250, 7:251, 7:252, 7:253, 7:254, 7:255, 7:267, 7:270, 7:313, 8:210, 8:223, 8:225, 8:226, 8:227, 8:237, 8:268, 8:415, 9:26, 9:100, 9:149, 9:156, 9:225, 9:276, 9:317, 9:319"
Edward Spencer Beesly,8:338
Charles Warren Stoddard,
Harriet Beecher Stowe,"5:29, 5:47, 5:71, 5:252, 5:279, 5:321, 6:77, 6:88, 6:245, 6:301, 7:131"
Elma Stuart,"5:244, 5:244, 5:374, 5:376, 5:437, 5:462, 5:466, 6:26, 6:35, 6:78, 6:81, 6:84, 6:85, 6:86, 6:112, 6:120, 6:121, 6:127, 6:133, 6:167, 6:190, 6:200, 6:230, 6:242, 6:248, 6:259, 6:260, 6:262, 6:284, 6:291, 6:293, 6:306, 6:322, 6:327, 6:334, 6:338, 6:355, 6:365, 6:377, 6:393, 6:399, 6:400, 6:403, 6:437, 7:3, 7:10, 7:17, 7:23, 7:34, 7:38, 7:53, 7:74, 7:76, 7:99, 7:125, 7:134, 7:169, 7:198, 7:210, 7:232, 7:249, 7:258, 7:262, 7:275, 7:281, 7:301, 7:303, 7:315, 7:323, 7:330, 7:334, 7:345, 7:348, 7:350"
Clementia Taylor,"2:13, 2:14, 2:52, 2:85, 2:254, 3:395, 3:397, 3:475, 4:10, 4:70, 4:94, 4:126, 4:128, 4:134, 4:139, 4:196, 4:199, 4:366, 5:150, 5:172, 5:258, 5:328, 5:446, 5:474, 6:65, 6:119, 6:142, 6:160, 6:179, 6:369, 6:417, 7:44, 7:195, 7:201, 7:228, 7:241, 7:308, 7:330"
Alfred Tennyson,"7:47, 7:49, 7:86"
Eleanor Bertha Mary Tennyson,7:345
Anthony Trollope,"4:110, 4:296, 8:269, 8:270, 8:279, 8:300, 8:303, 8:311, 8:313, 8:315, 8:315, 8:317, 8:319, 8:327, 8:340, 8:342, 8:381, 8:387, 8:430, 8:464, 8:470"
Thomas Adolphus Trollope,"3:431, 3:470, 5:69, 3:435, 3:470, 3:471, 4:149, 5:21, 5:26, 7:230, 7:231, 7:235, 8:286, 8:302, 8:305, 8:306, 8:334, 8:349, 8:357, 8:360, 8:445, 8:447, 8:447"
John Tyndall,
Karl August Varnhagen von Ense,
Elizabeth Stuart Phelps Ward,"5:388, 6:158, 6:163, 6:317, 6:417, 7:133, 7:317"
William Hale White,"1:15, 6:248, 6:278"
